<?xml version="1.0" encoding="UTF-8"?>
<project-private xmlns="http://www.netbeans.org/ns/project-private/1">
    <editor-bookmarks xmlns="http://www.netbeans.org/ns/editor-bookmarks/2" lastBookmarkId="0"/>
    <open-files xmlns="http://www.netbeans.org/ns/projectui-open-files/2">
        <group>
            <file>file:/C:/Users/Inam/OneDrive%20-%20Boston%20City%20Campus/Desktop/System%20Development%20Assignments/PoliceManagement/src/CaseFileDAO.java</file>
            <file>file:/C:/Users/Inam/OneDrive%20-%20Boston%20City%20Campus/Desktop/System%20Development%20Assignments/PoliceManagement/src/policemanagement/PoliceManagement.java</file>
            <file>file:/C:/Users/Inam/OneDrive%20-%20Boston%20City%20Campus/Desktop/System%20Development%20Assignments/PoliceManagement/src/Officer.java</file>
            <file>file:/C:/Users/Inam/OneDrive%20-%20Boston%20City%20Campus/Desktop/System%20Development%20Assignments/PoliceManagement/src/OfficerDAO.java</file>
            <file>file:/C:/Users/Inam/OneDrive%20-%20Boston%20City%20Campus/Desktop/System%20Development%20Assignments/PoliceManagement/src/CaseFile.java</file>
            <file>file:/C:/Users/Inam/OneDrive%20-%20Boston%20City%20Campus/Desktop/System%20Development%20Assignments/PoliceManagement/src/PoliceManagementGUI.java</file>
            <file>file:/C:/Users/Inam/OneDrive%20-%20Boston%20City%20Campus/Desktop/System%20Development%20Assignments/PoliceManagement/src/TestDB.java</file>
            <file>file:/C:/Users/Inam/OneDrive%20-%20Boston%20City%20Campus/Desktop/System%20Development%20Assignments/PoliceManagement/src/DBConnection.java</file>
        </group>
    </open-files>
</project-private>
